,Threshold Value,advogato_S,advogato_T,advogato_P,facebook_S,facebook_T,facebook_P
0,5,771.4634146341464,0.7906002993398885,7.714634146341464,1883.3638613861385,3.7275364699133933,18.833638613861385
1,10,55.33841463414634,0.11709788302660923,0.5533841463414634,507.21534653465346,1.684540458254788,5.072153465346535
2,18,1.1920731707317074,3.536976294812559e-05,0.011920731707317073,2.0,0.00046820725647707135,0.02
3,20,1.1814024390243902,3.3508196477171614e-05,0.011814024390243903,1.5891089108910892,0.0002022361186353842,0.01589108910891089
4,25,1.146341463414634,2.4200364122401724e-05,0.011463414634146341,1.25990099009901,7.84431005616036e-05,0.0125990099009901
5,50,1.0609756097560976,9.30783235476989e-06,0.010609756097560976,1.0,0.0,0.01
